,division,region,heatdd,cooldd,tempjan,tempjuly,agecat
1,N. Eng.,NE,7947.0,250.0,18.2,68.0,19-29
2,Mid Atl,NE,7480.0,424.0,18.4,70.2,19-29
3,N. Eng.,NE,7482.0,353.0,19.9,69.5,19-29
4,N. Eng.,NE,7482.0,353.0,19.9,69.5,19-29
5,Mid Atl,NE,7368.0,425.0,20.1,69.8,19-29
6,Mid Atl,NE,7368.0,425.0,20.1,69.8,19-29
7,N. Eng.,NE,7351.0,390.0,20.6,70.2,19-29
8,Mid Atl,NE,6927.0,494.0,21.1,71.4,19-29
9,Mid Atl,NE,6927.0,494.0,21.1,71.4,19-29
10,N. Eng.,NE,6927.0,494.0,21.1,71.4,19-29
11,Mid Atl,NE,6927.0,494.0,21.1,71.4,19-29
12,Mid Atl,NE,7344.0,330.0,21.2,68.9,19-29
13,N. Eng.,NE,7501.0,254.0,21.5,68.1,19-29
14,Mid Atl,NE,7177.0,328.0,22.2,68.8,19-29
15,Mid Atl,NE,7379.0,239.0,22.3,66.5,19-29
16,N. Eng.,NE,7081.0,351.0,22.6,69.8,19-29
17,N. Eng.,NE,7081.0,351.0,22.6,69.8,19-29
18,Mid Atl,NE,6787.0,506.0,22.8,70.9,19-29
19,Mid Atl,NE,6787.0,506.0,22.8,70.9,19-29
20,N. Eng.,NE,6950.0,359.0,23.3,69.9,19-29
21,Mid Atl,NE,6911.0,371.0,23.3,69.4,19-29
22,Mid Atl,NE,6927.0,411.0,23.5,69.8,19-29
23,Mid Atl,NE,6798.0,476.0,23.5,70.7,19-29
24,Mid Atl,NE,6798.0,476.0,23.5,70.7,19-29
25,Mid Atl,NE,6798.0,476.0,23.5,70.7,19-29
26,Mid Atl,NE,6713.0,531.0,23.6,71.3,19-29
27,N. Eng.,NE,6619.0,523.0,24.1,71.9,19-29
28,N. Eng.,NE,6619.0,523.0,24.1,71.9,19-29
29,N. Eng.,NE,6671.0,359.0,24.2,69.5,19-29
30,Mid Atl,NE,6366.0,591.0,24.4,72.4,19-29
31,Mid Atl,NE,6768.0,402.0,24.5,69.1,19-29
32,Mid Atl,NE,6330.0,569.0,25.2,71.8,19-29
33,Mid Atl,NE,6330.0,569.0,25.2,71.8,19-29
34,N. Eng.,NE,6205.0,613.0,25.6,73.1,19-29
35,Mid Atl,NE,6406.0,486.0,25.8,70.8,19-29
36,N. Eng.,NE,6232.0,563.0,25.8,72.6,19-29
37,N. Eng.,NE,6232.0,563.0,25.8,72.6,19-29
38,Mid Atl,NE,6247.0,559.0,25.9,71.5,19-29
39,N. Eng.,NE,6156.0,600.0,26.2,72.7,19-29
40,N. Eng.,NE,6156.0,600.0,26.2,72.7,19-29
41,Mid Atl,NE,6047.0,659.0,26.2,72.5,19-29
42,N. Eng.,NE,6156.0,600.0,26.2,72.7,19-29
43,N. Eng.,NE,6024.0,667.0,26.4,73.5,19-29
44,N. Eng.,NE,5953.0,699.0,26.6,73.6,19-29
45,N. Eng.,NE,6100.0,521.0,26.6,71.7,19-29
46,N. Eng.,NE,5953.0,699.0,26.6,73.6,30-34
47,N. Eng.,NE,5953.0,699.0,26.6,73.6,30-34
48,N. Eng.,NE,5953.0,699.0,26.6,73.6,30-34
49,N. Eng.,NE,5953.0,699.0,26.6,73.6,30-34
50,Mid Atl,NE,5950.0,645.0,26.7,72.0,30-34
51,Mid Atl,NE,5950.0,645.0,26.7,72.0,30-34
52,Mid Atl,NE,5950.0,645.0,26.7,72.0,30-34
53,Mid Atl,NE,5950.0,645.0,26.7,72.0,30-34
54,Mid Atl,NE,5950.0,645.0,26.7,72.0,30-34
55,Mid Atl,NE,5950.0,645.0,26.7,72.0,30-34
56,N. Eng.,NE,6276.0,455.0,27.0,71.3,30-34
57,N. Eng.,NE,6276.0,455.0,27.0,71.3,30-34
58,N. Eng.,NE,6276.0,455.0,27.0,71.3,30-34
59,Mid Atl,NE,5885.0,642.0,27.1,71.6,30-34
60,Mid Atl,NE,5815.0,751.0,27.2,73.8,30-34
61,Mid Atl,NE,5815.0,751.0,27.2,73.8,30-34
62,Mid Atl,NE,5815.0,751.0,27.2,73.8,30-34
63,N. Eng.,NE,5976.0,611.0,27.4,72.5,30-34
64,N. Eng.,NE,5976.0,611.0,27.4,72.5,30-34
65,N. Eng.,NE,5976.0,611.0,27.4,72.5,30-34
66,N. Eng.,NE,5976.0,611.0,27.4,72.5,30-34
67,N. Eng.,NE,6294.0,328.0,27.8,69.6,30-34
68,N. Eng.,NE,6294.0,328.0,27.8,69.6,30-34
69,Mid Atl,NE,5768.0,728.0,27.9,72.9,30-34
70,Mid Atl,NE,5768.0,728.0,27.9,72.9,30-34
71,N. Eng.,NE,5847.0,598.0,28.0,72.7,30-34
72,N. Eng.,NE,5847.0,598.0,28.0,72.7,30-34
73,N. Eng.,NE,5908.0,574.0,28.2,72.5,30-34
74,N. Eng.,NE,5908.0,574.0,28.2,72.5,30-34
75,N. Eng.,NE,5908.0,574.0,28.2,72.5,30-34
76,N. Eng.,NE,6121.0,382.0,28.2,70.1,30-34
77,N. Eng.,NE,5908.0,574.0,28.2,72.5,30-34
78,N. Eng.,NE,5908.0,574.0,28.2,72.5,30-34
79,N. Eng.,NE,5908.0,574.0,28.2,72.5,30-34
80,Mid Atl,NE,5335.0,1006.0,29.4,75.8,30-34
81,Mid Atl,NE,5335.0,1006.0,29.4,75.8,30-34
82,N. Eng.,NE,5501.0,746.0,29.5,74.0,30-34
83,N. Eng.,NE,5501.0,746.0,29.5,74.0,30-34
84,N. Eng.,NE,5501.0,746.0,29.5,74.0,30-34
85,N. Eng.,NE,5501.0,746.0,29.5,74.0,30-34
86,N. Eng.,NE,5501.0,746.0,29.5,74.0,30-34
87,N. Eng.,NE,5593.0,699.0,29.6,73.5,30-34
88,N. Eng.,NE,5593.0,699.0,29.6,73.5,30-34
89,N. Eng.,NE,5593.0,699.0,29.6,73.5,30-34
90,N. Eng.,NE,5593.0,699.0,29.6,73.5,30-34
91,N. Eng.,NE,5593.0,699.0,29.6,73.5,30-34
92,N. Eng.,NE,5593.0,699.0,29.6,73.5,30-34
93,N. Eng.,NE,5593.0,699.0,29.6,73.5,30-34
94,N. Eng.,NE,5593.0,699.0,29.6,73.5,30-34
95,N. Eng.,NE,5593.0,699.0,29.6,73.5,30-34
96,N. Eng.,NE,5593.0,699.0,29.6,73.5,30-34
97,N. Eng.,NE,5593.0,699.0,29.6,73.5,30-34
98,N. Eng.,NE,5593.0,699.0,29.6,73.5,30-34
99,N. Eng.,NE,5593.0,699.0,29.6,73.5,30-34
100,N. Eng.,NE,5593.0,699.0,29.6,73.5,30-34
101,N. Eng.,NE,5593.0,699.0,29.6,73.5,30-34
102,N. Eng.,NE,5593.0,699.0,29.6,73.5,30-34
103,Mid Atl,NE,5419.0,778.0,29.6,74.1,30-34
104,Mid Atl,NE,5664.0,608.0,29.7,72.6,30-34
105,Mid Atl,NE,5203.0,901.0,30.0,74.7,30-34
106,Mid Atl,NE,5203.0,901.0,30.0,74.7,30-34
107,Mid Atl,NE,5253.0,863.0,30.1,74.8,30-34
108,Mid Atl,NE,5239.0,832.0,30.2,74.7,30-34
109,Mid Atl,NE,5239.0,832.0,30.2,74.7,30-34
110,Mid Atl,NE,5239.0,832.0,30.2,74.7,30-34
111,Mid Atl,NE,5285.0,854.0,30.6,74.6,30-34
112,Mid Atl,NE,5285.0,854.0,30.6,74.6,30-34
113,Mid Atl,NE,5285.0,854.0,30.6,74.6,30-34
114,Mid Atl,NE,5285.0,854.0,30.6,74.6,30-34
115,Mid Atl,NE,5285.0,854.0,30.6,74.6,30-34
116,Mid Atl,NE,5285.0,854.0,30.6,74.6,30-34
117,Mid Atl,NE,5285.0,854.0,30.6,74.6,30-34
118,Mid Atl,NE,5285.0,854.0,30.6,74.6,30-34
119,Mid Atl,NE,5285.0,854.0,30.6,74.6,30-34
120,Mid Atl,NE,5285.0,854.0,30.6,74.6,30-34
121,Mid Atl,NE,4947.0,1075.0,31.2,76.5,30-34
122,Mid Atl,NE,4947.0,1075.0,31.2,76.5,30-34
123,Mid Atl,NE,4947.0,1075.0,31.2,76.5,30-34
124,Mid Atl,NE,4947.0,1075.0,31.2,76.5,30-34
125,Mid Atl,NE,4972.0,1091.0,31.3,76.8,30-34
126,Mid Atl,NE,4972.0,1091.0,31.3,76.8,30-34
127,Mid Atl,NE,5169.0,886.0,31.3,75.0,30-34
128,Mid Atl,NE,4972.0,1091.0,31.3,76.8,30-34
129,Mid Atl,NE,4972.0,1091.0,31.3,76.8,35+
130,Mid Atl,NE,4972.0,1091.0,31.3,76.8,35+
131,Mid Atl,NE,5169.0,886.0,31.3,75.0,35+
132,Mid Atl,NE,5169.0,886.0,31.3,75.0,35+
133,Mid Atl,NE,5169.0,886.0,31.3,75.0,35+
134,Mid Atl,NE,5169.0,886.0,31.3,75.0,35+
135,Mid Atl,NE,4972.0,1091.0,31.3,76.8,35+
136,Mid Atl,NE,4972.0,1091.0,31.3,76.8,35+
137,Mid Atl,NE,4972.0,1091.0,31.3,76.8,35+
138,Mid Atl,NE,4972.0,1091.0,31.3,76.8,35+
139,Mid Atl,NE,4972.0,1091.0,31.3,76.8,35+
140,Mid Atl,NE,4972.0,1091.0,31.3,76.8,35+
141,Mid Atl,NE,4972.0,1091.0,31.3,76.8,35+
142,Mid Atl,NE,4972.0,1091.0,31.3,76.8,35+
143,Mid Atl,NE,4972.0,1091.0,31.3,76.8,35+
144,Mid Atl,NE,4972.0,1091.0,31.3,76.8,35+
145,Mid Atl,NE,4972.0,1091.0,31.3,76.8,35+
146,Mid Atl,NE,4972.0,1091.0,31.3,76.8,35+
147,Mid Atl,NE,4972.0,1091.0,31.3,76.8,35+
148,Mid Atl,NE,4972.0,1091.0,31.3,76.8,35+
149,Mid Atl,NE,4972.0,1091.0,31.3,76.8,35+
150,Mid Atl,NE,5169.0,886.0,31.3,75.0,35+
151,Mid Atl,NE,4950.0,983.0,31.6,75.9,35+
152,N. Eng.,NE,5305.0,721.0,31.6,73.4,35+
153,Mid Atl,NE,5158.0,770.0,31.6,74.0,35+
154,N. Eng.,NE,5305.0,721.0,31.6,73.4,35+
155,Mid Atl,NE,4868.0,1089.0,31.8,76.7,35+
156,Mid Atl,NE,4868.0,1089.0,31.8,76.7,35+
157,Mid Atl,NE,5086.0,792.0,31.8,74.4,35+
158,Mid Atl,NE,4868.0,1089.0,31.8,76.7,35+
159,Mid Atl,NE,4868.0,1089.0,31.8,76.7,35+
160,Mid Atl,NE,4922.0,1051.0,31.8,76.4,35+
161,Mid Atl,NE,4868.0,1089.0,31.8,76.7,35+
162,Mid Atl,NE,4922.0,1051.0,31.8,76.4,35+
163,Mid Atl,NE,4945.0,981.0,31.8,75.8,35+
166,W.N.C.,N Cntrl,9881.0,418.0,2.2,68.8,19-29
167,W.N.C.,N Cntrl,9343.0,476.0,4.3,70.6,19-29
168,W.N.C.,N Cntrl,9343.0,476.0,4.3,70.6,19-29
169,W.N.C.,N Cntrl,9901.0,150.0,6.3,65.3,19-29
170,W.N.C.,N Cntrl,9415.0,423.0,6.3,69.4,19-29
171,W.N.C.,N Cntrl,9075.0,473.0,6.7,70.4,19-29
172,W.N.C.,N Cntrl,8965.0,397.0,7.0,69.8,19-29
173,W.N.C.,N Cntrl,8570.0,589.0,8.3,72.1,19-29
174,E.N.C.,N Cntrl,9378.0,192.0,9.2,65.8,19-29
175,E.N.C.,N Cntrl,8463.0,472.0,9.8,70.8,19-29
176,W.N.C.,N Cntrl,8277.0,479.0,10.8,70.7,19-29
177,W.N.C.,N Cntrl,7967.0,654.0,11.0,72.8,19-29
178,W.N.C.,N Cntrl,8007.0,662.0,11.2,73.1,19-29
179,W.N.C.,N Cntrl,8007.0,662.0,11.2,73.1,19-29
180,W.N.C.,N Cntrl,8007.0,662.0,11.2,73.1,19-29
181,E.N.C.,N Cntrl,8565.0,371.0,11.2,69.4,19-29
182,W.N.C.,N Cntrl,8007.0,662.0,11.2,73.1,19-29
183,W.N.C.,N Cntrl,8007.0,662.0,11.2,73.1,19-29
184,W.N.C.,N Cntrl,8007.0,662.0,11.2,73.1,19-29
185,W.N.C.,N Cntrl,8007.0,662.0,11.2,73.1,19-29
186,W.N.C.,N Cntrl,8007.0,662.0,11.2,73.1,19-29
187,W.N.C.,N Cntrl,8007.0,662.0,11.2,73.1,19-29
188,W.N.C.,N Cntrl,8007.0,662.0,11.2,73.1,19-29
189,W.N.C.,N Cntrl,8007.0,662.0,11.2,73.1,19-29
190,W.N.C.,N Cntrl,8007.0,662.0,11.2,73.1,19-29
191,W.N.C.,N Cntrl,8007.0,662.0,11.2,73.1,19-29
192,W.N.C.,N Cntrl,8007.0,662.0,11.2,73.1,19-29
193,W.N.C.,N Cntrl,8007.0,662.0,11.2,73.1,19-29
194,W.N.C.,N Cntrl,8007.0,662.0,11.2,73.1,19-29
195,W.N.C.,N Cntrl,8007.0,662.0,11.2,73.1,19-29
196,W.N.C.,N Cntrl,7885.0,749.0,12.4,74.0,19-29
197,W.N.C.,N Cntrl,7881.0,619.0,12.5,72.2,19-29
198,W.N.C.,N Cntrl,7819.0,653.0,12.7,72.8,19-29
199,E.N.C.,N Cntrl,6563.0,615.0,14.0,64.5,19-29
200,W.N.C.,N Cntrl,7537.0,667.0,14.0,72.6,19-29
201,W.N.C.,N Cntrl,7537.0,667.0,14.0,72.6,19-29
202,E.N.C.,N Cntrl,6563.0,615.0,14.0,64.5,19-29
203,E.N.C.,N Cntrl,6563.0,615.0,14.0,64.5,19-29
204,E.N.C.,N Cntrl,7540.0,683.0,14.0,73.0,19-29
205,E.N.C.,N Cntrl,8143.0,381.0,14.0,69.5,19-29
206,E.N.C.,N Cntrl,7728.0,515.0,15.3,71.4,19-29
207,E.N.C.,N Cntrl,7692.0,523.0,15.4,71.4,19-29
208,E.N.C.,N Cntrl,7642.0,467.0,15.6,70.6,19-29
209,W.N.C.,N Cntrl,7375.0,580.0,15.6,71.9,19-29
210,E.N.C.,N Cntrl,7568.0,521.0,15.8,71.3,19-29
211,W.N.C.,N Cntrl,7175.0,785.0,15.8,73.9,19-29
212,W.N.C.,N Cntrl,6947.0,940.0,16.2,75.6,19-29
213,W.N.C.,N Cntrl,7013.0,761.0,16.8,73.8,19-29
214,W.N.C.,N Cntrl,6874.0,792.0,17.1,74.0,19-29
215,E.N.C.,N Cntrl,7055.0,648.0,17.4,72.5,19-29
216,E.N.C.,N Cntrl,7166.0,616.0,17.5,72.2,19-29
217,E.N.C.,N Cntrl,7194.0,570.0,18.1,71.8,19-29
218,E.N.C.,N Cntrl,7194.0,570.0,18.1,71.8,19-29
219,E.N.C.,N Cntrl,6952.0,714.0,18.3,73.0,19-29
220,E.N.C.,N Cntrl,7517.0,388.0,18.3,69.7,19-29
221,W.N.C.,N Cntrl,6671.0,828.0,18.5,74.3,19-29
222,W.N.C.,N Cntrl,6554.0,1019.0,18.6,76.3,19-29
223,E.N.C.,N Cntrl,7326.0,470.0,18.7,70.5,19-29
224,E.N.C.,N Cntrl,7326.0,470.0,18.7,70.5,19-29
225,E.N.C.,N Cntrl,6762.0,784.0,18.9,73.9,19-29
226,E.N.C.,N Cntrl,6703.0,767.0,19.2,73.4,19-29
227,E.N.C.,N Cntrl,7232.0,428.0,19.5,70.5,19-29
228,W.N.C.,N Cntrl,6482.0,872.0,19.5,74.4,19-29
229,E.N.C.,N Cntrl,6498.0,899.0,19.5,74.9,19-29
230,E.N.C.,N Cntrl,6498.0,899.0,19.5,74.9,19-29
231,E.N.C.,N Cntrl,6611.0,791.0,19.5,73.7,19-29
232,E.N.C.,N Cntrl,6848.0,707.0,19.7,73.4,19-29
233,E.N.C.,N Cntrl,6848.0,707.0,19.7,73.4,19-29
234,E.N.C.,N Cntrl,6848.0,707.0,19.7,73.4,19-29
235,W.N.C.,N Cntrl,6376.0,968.0,19.8,75.4,19-29
236,W.N.C.,N Cntrl,6339.0,1028.0,19.9,76.2,19-29
237,E.N.C.,N Cntrl,6563.0,615.0,20.0,67.9,19-29
238,E.N.C.,N Cntrl,6563.0,615.0,20.0,67.9,19-29
239,E.N.C.,N Cntrl,6563.0,615.0,20.0,67.9,19-29
240,E.N.C.,N Cntrl,6563.0,615.0,20.0,67.9,19-29
241,E.N.C.,N Cntrl,6563.0,615.0,20.0,67.9,19-29
242,E.N.C.,N Cntrl,6618.0,733.0,20.1,73.0,19-29
243,E.N.C.,N Cntrl,6618.0,733.0,20.1,73.0,19-29
244,E.N.C.,N Cntrl,6618.0,733.0,20.1,73.0,19-29
245,E.N.C.,N Cntrl,6563.0,615.0,20.2,67.4,19-29
246,E.N.C.,N Cntrl,6563.0,615.0,20.2,67.4,19-29
247,E.N.C.,N Cntrl,6881.0,591.0,20.2,71.5,19-29
248,W.N.C.,N Cntrl,6194.0,1166.0,20.2,77.7,19-29
249,W.N.C.,N Cntrl,6194.0,1166.0,20.2,77.7,19-29
250,E.N.C.,N Cntrl,6563.0,615.0,20.2,67.4,19-29
251,E.N.C.,N Cntrl,6563.0,615.0,20.2,67.4,19-29
252,E.N.C.,N Cntrl,6881.0,591.0,20.2,71.5,19-29
253,E.N.C.,N Cntrl,6563.0,615.0,20.2,67.4,19-29
254,E.N.C.,N Cntrl,6881.0,591.0,20.2,71.5,19-29
255,E.N.C.,N Cntrl,6563.0,615.0,20.2,67.4,19-29
256,E.N.C.,N Cntrl,7090.0,485.0,20.4,70.1,19-29
257,E.N.C.,N Cntrl,6919.0,591.0,20.4,71.7,19-29
258,W.N.C.,N Cntrl,6274.0,1017.0,20.6,75.8,19-29
259,W.N.C.,N Cntrl,6274.0,1017.0,20.6,75.8,19-29
260,W.N.C.,N Cntrl,6482.0,1028.0,20.6,76.6,19-29
261,E.N.C.,N Cntrl,7103.0,501.0,20.7,71.0,19-29
262,E.N.C.,N Cntrl,7103.0,501.0,20.7,71.0,19-29
263,W.N.C.,N Cntrl,7301.0,667.0,20.8,72.6,19-29
264,E.N.C.,N Cntrl,6302.0,917.0,20.9,74.8,19-29
265,E.N.C.,N Cntrl,6427.0,787.0,20.9,73.5,19-29
266,W.N.C.,N Cntrl,6181.0,992.0,21.0,75.5,19-29
267,E.N.C.,N Cntrl,7068.0,456.0,21.3,70.1,19-29
268,E.N.C.,N Cntrl,7068.0,456.0,21.3,70.1,19-29
269,E.N.C.,N Cntrl,6483.0,791.0,21.4,73.4,19-29
270,E.N.C.,N Cntrl,6483.0,791.0,21.4,73.4,19-29
271,E.N.C.,N Cntrl,6455.0,740.0,21.4,73.0,19-29
272,E.N.C.,N Cntrl,6455.0,740.0,21.4,73.0,19-29
273,E.N.C.,N Cntrl,6455.0,740.0,21.4,73.0,19-29
274,E.N.C.,N Cntrl,6455.0,740.0,21.4,73.0,19-29
275,E.N.C.,N Cntrl,6455.0,740.0,21.4,73.0,19-29
276,E.N.C.,N Cntrl,6483.0,791.0,21.4,73.4,19-29
277,E.N.C.,N Cntrl,6455.0,740.0,21.4,73.0,19-29
278,E.N.C.,N Cntrl,6483.0,791.0,21.4,73.4,19-29
279,E.N.C.,N Cntrl,6483.0,791.0,21.4,73.4,19-29
280,E.N.C.,N Cntrl,6455.0,740.0,21.4,73.0,19-29
281,E.N.C.,N Cntrl,6483.0,791.0,21.4,73.4,19-29
282,E.N.C.,N Cntrl,6483.0,791.0,21.4,73.4,19-29
283,E.N.C.,N Cntrl,6455.0,740.0,21.4,73.0,19-29
284,E.N.C.,N Cntrl,6455.0,740.0,21.4,73.0,19-29
285,E.N.C.,N Cntrl,6455.0,740.0,21.4,73.0,19-29
286,E.N.C.,N Cntrl,6455.0,740.0,21.4,73.0,19-29
287,E.N.C.,N Cntrl,6483.0,791.0,21.4,73.4,19-29
288,E.N.C.,N Cntrl,6455.0,740.0,21.4,73.0,19-29
289,E.N.C.,N Cntrl,6483.0,791.0,21.4,73.4,19-29
290,E.N.C.,N Cntrl,6455.0,740.0,21.4,73.0,19-29
291,E.N.C.,N Cntrl,6455.0,740.0,21.4,73.0,19-29
292,E.N.C.,N Cntrl,6455.0,740.0,21.4,73.0,19-29
293,E.N.C.,N Cntrl,6483.0,791.0,21.4,73.4,19-29
294,E.N.C.,N Cntrl,6455.0,740.0,21.4,73.0,19-29
295,E.N.C.,N Cntrl,6455.0,740.0,21.4,73.0,19-29
296,E.N.C.,N Cntrl,6455.0,740.0,21.4,73.0,19-29
297,E.N.C.,N Cntrl,6226.0,948.0,21.5,75.0,19-29
298,E.N.C.,N Cntrl,6226.0,948.0,21.5,75.0,19-29
299,E.N.C.,N Cntrl,6987.0,530.0,21.6,70.8,19-29
300,E.N.C.,N Cntrl,6987.0,530.0,21.6,70.8,19-29
301,E.N.C.,N Cntrl,6833.0,609.0,21.6,71.9,19-29
302,W.N.C.,N Cntrl,5967.0,1263.0,21.9,78.5,19-29
303,E.N.C.,N Cntrl,6847.0,555.0,22.0,71.5,19-29
304,E.N.C.,N Cntrl,6927.0,570.0,22.0,71.4,19-29
305,E.N.C.,N Cntrl,6927.0,570.0,22.0,71.4,19-29
306,E.N.C.,N Cntrl,6927.0,570.0,22.0,71.4,19-29
307,E.N.C.,N Cntrl,6658.0,636.0,22.4,72.1,19-29
308,E.N.C.,N Cntrl,6658.0,636.0,22.4,72.1,19-29
309,E.N.C.,N Cntrl,6723.0,599.0,22.4,71.7,19-29
310,E.N.C.,N Cntrl,6658.0,636.0,22.4,72.1,19-29
311,E.N.C.,N Cntrl,6177.0,955.0,22.6,75.0,19-29
312,E.N.C.,N Cntrl,6177.0,955.0,22.6,75.0,19-29
313,E.N.C.,N Cntrl,6177.0,955.0,22.6,75.0,19-29
314,E.N.C.,N Cntrl,6177.0,955.0,22.6,75.0,19-29
315,E.N.C.,N Cntrl,6177.0,955.0,22.6,75.0,19-29
316,E.N.C.,N Cntrl,6177.0,955.0,22.6,75.0,19-29
317,E.N.C.,N Cntrl,6177.0,955.0,22.6,75.0,19-29
318,E.N.C.,N Cntrl,6251.0,875.0,22.9,74.0,19-29
319,E.N.C.,N Cntrl,6251.0,875.0,22.9,74.0,19-29
320,E.N.C.,N Cntrl,6251.0,875.0,22.9,74.0,19-29
321,E.N.C.,N Cntrl,6251.0,875.0,22.9,74.0,19-29
322,E.N.C.,N Cntrl,6251.0,875.0,22.9,74.0,19-29
323,E.N.C.,N Cntrl,6251.0,875.0,22.9,74.0,19-29
324,E.N.C.,N Cntrl,6223.0,818.0,23.0,73.6,19-29
325,E.N.C.,N Cntrl,6925.0,451.0,23.1,70.1,19-29
326,E.N.C.,N Cntrl,6570.0,622.0,23.1,71.8,19-29
327,E.N.C.,N Cntrl,6377.0,710.0,23.2,72.5,19-29
328,E.N.C.,N Cntrl,6377.0,710.0,23.2,72.5,30-34
329,E.N.C.,N Cntrl,6377.0,710.0,23.2,72.5,30-34
330,E.N.C.,N Cntrl,6320.0,786.0,23.3,73.3,30-34
331,E.N.C.,N Cntrl,6563.0,615.0,23.4,72.6,30-34
332,E.N.C.,N Cntrl,6563.0,615.0,23.4,71.9,30-34
333,E.N.C.,N Cntrl,6563.0,615.0,23.4,72.6,30-34
334,E.N.C.,N Cntrl,6563.0,615.0,23.4,71.9,30-34
335,E.N.C.,N Cntrl,6563.0,615.0,23.4,71.9,30-34
336,E.N.C.,N Cntrl,6563.0,615.0,23.4,72.6,30-34
337,E.N.C.,N Cntrl,6563.0,615.0,23.4,71.9,30-34
338,E.N.C.,N Cntrl,6563.0,615.0,23.4,71.9,30-34
339,E.N.C.,N Cntrl,6563.0,615.0,23.4,72.6,30-34
340,E.N.C.,N Cntrl,6611.0,621.0,23.6,72.0,30-34
341,E.N.C.,N Cntrl,5789.0,1120.0,23.6,76.7,30-34
342,E.N.C.,N Cntrl,6318.0,734.0,23.6,72.9,30-34
343,E.N.C.,N Cntrl,6281.0,751.0,23.7,73.2,30-34
344,E.N.C.,N Cntrl,6281.0,751.0,23.7,73.2,30-34
345,E.N.C.,N Cntrl,6346.0,723.0,23.8,72.9,30-34
346,E.N.C.,N Cntrl,6376.0,699.0,23.8,72.5,30-34
347,E.N.C.,N Cntrl,6262.0,746.0,23.9,72.8,30-34
348,E.N.C.,N Cntrl,6569.0,587.0,24.1,71.0,30-34
349,E.N.C.,N Cntrl,6560.0,485.0,24.2,70.1,30-34
350,E.N.C.,N Cntrl,6035.0,962.0,24.6,74.2,30-34
351,E.N.C.,N Cntrl,5640.0,1084.0,24.6,76.1,30-34
352,E.N.C.,N Cntrl,5640.0,1084.0,24.6,76.1,30-34
353,E.N.C.,N Cntrl,5640.0,1084.0,24.6,76.1,30-34
354,E.N.C.,N Cntrl,5640.0,1084.0,24.6,76.1,30-34
355,E.N.C.,N Cntrl,5654.0,1165.0,24.6,76.5,30-34
356,E.N.C.,N Cntrl,5758.0,1019.0,24.7,75.2,30-34
357,E.N.C.,N Cntrl,5758.0,1019.0,24.7,75.2,30-34
358,E.N.C.,N Cntrl,6249.0,652.0,24.8,72.0,30-34
359,E.N.C.,N Cntrl,6404.0,515.0,24.8,70.5,30-34
360,W.N.C.,N Cntrl,5453.0,1347.0,24.9,78.5,30-34
361,E.N.C.,N Cntrl,6023.0,817.0,25.0,73.7,30-34
362,E.N.C.,N Cntrl,6241.0,625.0,25.1,71.6,30-34
363,E.N.C.,N Cntrl,6241.0,625.0,25.1,71.6,30-34
364,E.N.C.,N Cntrl,6241.0,625.0,25.1,71.6,30-34
365,E.N.C.,N Cntrl,6241.0,625.0,25.1,71.6,30-34
366,E.N.C.,N Cntrl,6241.0,625.0,25.1,71.6,30-34
367,E.N.C.,N Cntrl,6241.0,625.0,25.1,71.6,30-34
368,E.N.C.,N Cntrl,6241.0,625.0,25.1,71.6,30-34
369,E.N.C.,N Cntrl,6113.0,732.0,25.4,72.6,30-34
370,E.N.C.,N Cntrl,5910.0,849.0,25.5,73.7,30-34
371,E.N.C.,N Cntrl,6178.0,612.0,25.5,71.6,30-34
372,E.N.C.,N Cntrl,6178.0,612.0,25.5,71.6,30-34
373,E.N.C.,N Cntrl,6178.0,612.0,25.5,71.6,30-34
374,E.N.C.,N Cntrl,6178.0,612.0,25.5,71.6,30-34
375,E.N.C.,N Cntrl,6178.0,612.0,25.5,71.6,30-34
376,E.N.C.,N Cntrl,6178.0,612.0,25.5,71.6,30-34
377,E.N.C.,N Cntrl,6178.0,612.0,25.5,71.6,30-34
378,E.N.C.,N Cntrl,6178.0,612.0,25.5,71.6,30-34
379,E.N.C.,N Cntrl,6178.0,612.0,25.5,71.6,30-34
380,E.N.C.,N Cntrl,6178.0,612.0,25.5,71.6,30-34
381,E.N.C.,N Cntrl,6178.0,612.0,25.5,71.6,30-34
382,E.N.C.,N Cntrl,6178.0,612.0,25.5,71.6,30-34
383,E.N.C.,N Cntrl,6178.0,612.0,25.5,71.6,30-34
384,E.N.C.,N Cntrl,5884.0,890.0,25.6,73.8,30-34
385,E.N.C.,N Cntrl,6241.0,579.0,25.6,70.9,30-34
386,E.N.C.,N Cntrl,5973.0,728.0,25.6,72.8,30-34
387,E.N.C.,N Cntrl,5599.0,1009.0,25.7,75.2,30-34
388,E.N.C.,N Cntrl,6016.0,821.0,25.7,73.9,30-34
389,E.N.C.,N Cntrl,5453.0,1175.0,25.8,76.6,30-34
390,E.N.C.,N Cntrl,6020.0,707.0,25.9,72.6,30-34
391,E.N.C.,N Cntrl,6020.0,707.0,25.9,72.6,30-34
392,E.N.C.,N Cntrl,5650.0,988.0,26.0,75.1,30-34
393,E.N.C.,N Cntrl,5650.0,988.0,26.0,75.1,30-34
394,W.N.C.,N Cntrl,5319.0,1380.0,26.1,78.6,30-34
395,E.N.C.,N Cntrl,5521.0,1049.0,26.2,75.6,30-34
396,E.N.C.,N Cntrl,5689.0,947.0,26.6,74.7,30-34
397,E.N.C.,N Cntrl,5689.0,947.0,26.6,74.7,30-34
398,E.N.C.,N Cntrl,5689.0,947.0,26.6,74.7,30-34
399,W.N.C.,N Cntrl,5184.0,1355.0,26.6,78.7,30-34
400,E.N.C.,N Cntrl,5689.0,947.0,26.6,74.7,30-34
401,E.N.C.,N Cntrl,5689.0,947.0,26.6,74.7,30-34
402,E.N.C.,N Cntrl,5689.0,947.0,26.6,74.7,30-34
403,E.N.C.,N Cntrl,5987.0,612.0,26.9,71.5,30-34
404,E.N.C.,N Cntrl,5686.0,862.0,27.1,73.8,30-34
405,W.N.C.,N Cntrl,5119.0,1525.0,27.1,79.9,30-34
406,E.N.C.,N Cntrl,5686.0,862.0,27.1,73.8,30-34
407,E.N.C.,N Cntrl,5803.0,832.0,27.2,73.1,30-34
408,W.N.C.,N Cntrl,5187.0,1566.0,27.3,80.8,30-34
409,E.N.C.,N Cntrl,5777.0,716.0,27.3,72.5,30-34
410,E.N.C.,N Cntrl,5686.0,780.0,27.4,73.2,30-34
411,W.N.C.,N Cntrl,5206.0,1269.0,27.5,77.8,30-34
412,E.N.C.,N Cntrl,5509.0,964.0,27.6,74.9,30-34
413,E.N.C.,N Cntrl,5509.0,964.0,27.6,74.9,30-34
414,W.N.C.,N Cntrl,5057.0,1363.0,27.6,78.3,30-34
415,E.N.C.,N Cntrl,5129.0,1410.0,27.7,78.7,30-34
416,W.N.C.,N Cntrl,5121.0,1405.0,27.7,79.0,30-34
417,E.N.C.,N Cntrl,5587.0,762.0,28.1,72.9,30-34
418,W.N.C.,N Cntrl,4812.0,1681.0,28.4,80.9,30-34
419,W.N.C.,N Cntrl,4812.0,1681.0,28.4,80.9,30-34
420,W.N.C.,N Cntrl,4812.0,1681.0,28.4,80.9,35+
421,W.N.C.,N Cntrl,4812.0,1681.0,28.4,80.9,35+
422,W.N.C.,N Cntrl,4812.0,1681.0,28.4,80.9,35+
423,W.N.C.,N Cntrl,4812.0,1681.0,28.4,80.9,35+
424,W.N.C.,N Cntrl,4812.0,1681.0,28.4,80.9,35+
425,W.N.C.,N Cntrl,4819.0,1583.0,28.4,80.1,35+
426,W.N.C.,N Cntrl,4812.0,1681.0,28.4,80.9,35+
427,W.N.C.,N Cntrl,4938.0,1468.0,28.8,78.9,35+
428,W.N.C.,N Cntrl,4938.0,1468.0,28.8,78.9,35+
429,W.N.C.,N Cntrl,4938.0,1468.0,28.8,78.9,35+
430,E.N.C.,N Cntrl,4938.0,1468.0,28.8,78.9,35+
431,W.N.C.,N Cntrl,4949.0,1412.0,28.8,78.4,35+
432,W.N.C.,N Cntrl,4938.0,1468.0,28.8,78.9,35+
433,W.N.C.,N Cntrl,4897.0,1330.0,29.5,78.0,35+
434,W.N.C.,N Cntrl,4792.0,1690.0,29.5,81.2,35+
435,W.N.C.,N Cntrl,4787.0,1684.0,29.6,81.4,35+
436,E.N.C.,N Cntrl,4818.0,1320.0,29.8,77.7,35+
437,E.N.C.,N Cntrl,4818.0,1320.0,29.8,77.7,35+
438,E.N.C.,N Cntrl,5052.0,1059.0,29.9,75.4,35+
439,E.N.C.,N Cntrl,5052.0,1059.0,29.9,75.4,35+
440,E.N.C.,N Cntrl,5052.0,1059.0,29.9,75.4,35+
441,E.N.C.,N Cntrl,4950.0,1159.0,30.3,76.1,35+
442,E.N.C.,N Cntrl,4950.0,1159.0,30.3,76.1,35+
443,E.N.C.,N Cntrl,4729.0,1378.0,30.6,78.1,35+
444,W.N.C.,N Cntrl,4660.0,1374.0,31.5,78.0,35+
445,E.N.C.,N Cntrl,4563.0,1395.0,31.7,78.1,35+
446,E.N.C.,N Cntrl,4702.0,1137.0,32.0,75.9,35+
447,W.N.C.,N Cntrl,4466.0,1330.0,32.2,78.0,35+
448,E.N.C.,N Cntrl,4525.0,1342.0,32.5,77.6,35+
449,W.N.C.,N Cntrl,4321.0,1628.0,32.6,80.1,35+
450,E.S.C.,South,5247.0,1037.0,28.9,75.4,19-29
451,S. Atl.,South,5450.0,840.0,29.1,73.6,19-29
452,S. Atl.,South,5415.0,759.0,29.5,73.6,19-29
453,S. Atl.,South,5348.0,826.0,29.7,73.1,19-29
454,S. Atl.,South,5107.0,964.0,30.4,74.4,19-29
455,S. Atl.,South,5086.0,935.0,30.6,74.9,19-29
456,S. Atl.,South,5507.0,585.0,30.9,71.0,19-29
457,S. Atl.,South,5106.0,902.0,30.9,74.4,19-29
458,E.S.C.,South,5001.0,1067.0,30.9,75.6,19-29
459,S. Atl.,South,4986.0,1015.0,31.2,76.0,19-29
460,E.S.C.,South,4814.0,1170.0,31.5,76.0,19-29
461,S. Atl.,South,4906.0,1003.0,31.7,75.7,19-29
462,E.S.C.,South,4900.0,1071.0,32.0,74.9,19-29
463,W.S.C.,South,4279.0,1886.0,32.4,82.5,19-29
464,E.S.C.,South,4525.0,1342.0,32.5,77.6,19-29
465,S. Atl.,South,4676.0,1121.0,32.8,75.4,19-29
466,S. Atl.,South,4697.0,1007.0,32.9,74.5,19-29
467,S. Atl.,South,4649.0,1008.0,33.2,75.6,19-29
468,E.S.C.,South,4361.0,1451.0,33.2,78.1,19-29
469,E.S.C.,South,4279.0,1460.0,33.2,78.3,19-29
470,S. Atl.,South,4663.0,1063.0,33.3,75.7,19-29
471,S. Atl.,South,4663.0,1063.0,33.3,75.7,19-29
472,E.S.C.,South,4309.0,1429.0,33.9,78.2,19-29
473,E.S.C.,South,4130.0,1573.0,34.3,79.3,19-29
474,W.S.C.,South,3842.0,1886.0,34.6,82.0,19-29
475,W.S.C.,South,4174.0,1366.0,34.8,78.3,19-29
476,S. Atl.,South,4323.0,1074.0,35.1,75.7,19-29
477,W.S.C.,South,3731.0,2043.0,35.2,83.2,19-29
478,W.S.C.,South,3731.0,2043.0,35.2,83.2,19-29
479,S. Atl.,South,4122.0,1430.0,35.2,78.9,19-29
480,S. Atl.,South,4189.0,1220.0,35.3,76.8,19-29
481,W.S.C.,South,3793.0,1920.0,35.3,82.1,19-29
482,W.S.C.,South,3764.0,2075.0,35.4,83.5,19-29
483,W.S.C.,South,4231.0,1428.0,35.4,78.8,19-29
484,S. Atl.,South,4083.0,1545.0,35.5,79.9,19-29
485,S. Atl.,South,4315.0,1085.0,35.5,75.7,19-29
486,S. Atl.,South,4083.0,1545.0,35.5,79.9,19-29
487,E.S.C.,South,4014.0,1514.0,35.7,78.7,19-29
488,W.S.C.,South,3735.0,1914.0,35.9,82.1,19-29
489,W.S.C.,South,3735.0,1914.0,35.9,82.1,19-29
490,W.S.C.,South,3735.0,1914.0,35.9,82.1,19-29
491,W.S.C.,South,3735.0,1914.0,35.9,82.1,19-29
492,W.S.C.,South,3735.0,1914.0,35.9,82.1,19-29
493,S. Atl.,South,3960.0,1336.0,36.6,77.8,19-29
494,E.S.C.,South,4006.0,1294.0,36.7,76.6,19-29
495,S. Atl.,South,4294.0,842.0,36.8,73.2,19-29
496,E.S.C.,South,3920.0,1164.0,37.0,75.7,19-29
497,E.S.C.,South,3920.0,1164.0,37.0,75.7,19-29
498,E.S.C.,South,3756.0,1661.0,37.1,79.4,19-29
499,E.S.C.,South,3756.0,1661.0,37.1,79.4,19-29
500,W.S.C.,South,3735.0,1914.0,37.4,81.7,19-29
501,W.S.C.,South,3735.0,1914.0,37.4,81.7,19-29
502,W.S.C.,South,3477.0,1969.0,37.5,82.1,19-29
503,S. Atl.,South,3874.0,1303.0,37.5,77.2,19-29
504,E.S.C.,South,3761.0,1497.0,37.6,78.2,19-29
505,W.S.C.,South,3521.0,1946.0,37.6,81.5,19-29
506,S. Atl.,South,3856.0,1384.0,37.6,77.8,19-29
507,W.S.C.,South,3409.0,2038.0,37.7,82.6,19-29
508,E.S.C.,South,3734.0,1573.0,37.7,78.6,19-29
509,E.S.C.,South,3540.0,1802.0,37.8,80.4,19-29
510,E.S.C.,South,3658.0,1449.0,38.2,77.6,19-29
511,S. Atl.,South,3724.0,1310.0,38.7,77.2,19-29
512,E.S.C.,South,3583.0,1578.0,38.7,78.7,19-29
513,E.S.C.,South,3583.0,1578.0,38.7,78.7,19-29
514,W.S.C.,South,3516.0,1676.0,38.8,79.8,19-29
515,W.S.C.,South,3237.0,2216.0,38.8,83.7,19-29
516,S. Atl.,South,3608.0,1377.0,38.9,77.9,19-29
517,S. Atl.,South,3608.0,1377.0,38.9,77.9,19-29
518,S. Atl.,South,3608.0,1377.0,38.9,77.9,19-29
519,S. Atl.,South,3537.0,1479.0,39.2,78.3,19-29
520,W.S.C.,South,3163.0,1999.0,39.5,81.7,19-29
521,S. Atl.,South,3612.0,1387.0,39.5,77.7,19-29
522,W.S.C.,South,3163.0,1999.0,39.5,81.7,19-29
523,E.S.C.,South,3207.0,2067.0,39.6,82.1,19-29
524,S. Atl.,South,3531.0,1394.0,39.6,77.7,19-29
525,W.S.C.,South,3207.0,2067.0,39.6,82.1,19-29
526,S. Atl.,South,3371.0,1571.0,39.7,79.0,19-29
527,S. Atl.,South,3422.0,1387.0,39.8,77.6,19-29
528,E.S.C.,South,3315.0,1788.0,39.8,79.9,19-29
529,S. Atl.,South,3422.0,1387.0,39.8,77.6,19-29
530,S. Atl.,South,3446.0,1458.0,39.9,78.4,19-29
531,S. Atl.,South,3446.0,1458.0,39.9,78.4,19-29
532,S. Atl.,South,3446.0,1458.0,39.9,78.4,19-29
533,W.S.C.,South,3152.0,2045.0,39.9,82.1,19-29
534,E.S.C.,South,3279.0,1708.0,40.2,79.3,19-29
535,E.S.C.,South,3279.0,1708.0,40.2,79.3,19-29
536,W.S.C.,South,3011.0,2506.0,40.3,85.6,19-29
537,S. Atl.,South,3297.0,1676.0,40.4,79.7,19-29
538,S. Atl.,South,3342.0,1546.0,40.5,78.5,19-29
539,W.S.C.,South,2935.0,2296.0,40.6,83.5,19-29
540,W.S.C.,South,2934.0,2331.0,40.7,83.9,19-29
541,E.S.C.,South,3160.0,1671.0,41.0,79.1,19-29
542,S. Atl.,South,3239.0,1501.0,41.1,78.2,19-29
543,S. Atl.,South,3239.0,1501.0,41.1,78.2,19-29
544,S. Atl.,South,3233.0,1615.0,41.3,78.9,19-29
545,S. Atl.,South,3233.0,1615.0,41.3,78.9,19-29
546,S. Atl.,South,3233.0,1615.0,41.3,78.9,19-29
547,S. Atl.,South,3155.0,1657.0,41.4,79.3,19-29
548,W.S.C.,South,2932.0,2147.0,41.4,82.2,19-29
549,S. Atl.,South,3102.0,1704.0,41.5,79.7,19-29
550,S. Atl.,South,3158.0,1589.0,41.7,78.7,19-29
551,S. Atl.,South,3122.0,1601.0,41.7,78.3,19-29
552,S. Atl.,South,3124.0,1611.0,41.8,78.7,19-29
553,S. Atl.,South,3021.0,1670.0,41.9,78.6,19-29
554,S. Atl.,South,3021.0,1670.0,41.9,78.6,19-29
555,S. Atl.,South,3021.0,1670.0,41.9,78.6,19-29
556,S. Atl.,South,3110.0,1533.0,41.9,78.4,19-29
557,S. Atl.,South,3021.0,1774.0,42.2,79.8,19-29
558,E.S.C.,South,2943.0,1891.0,42.4,80.3,19-29
559,S. Atl.,South,2965.0,1680.0,42.4,79.2,19-29
560,E.S.C.,South,2860.0,2003.0,42.4,80.9,19-29
561,E.S.C.,South,2943.0,1891.0,42.4,80.3,19-29
562,W.S.C.,South,2729.0,2272.0,42.9,82.7,19-29
563,E.S.C.,South,2635.0,2246.0,43.0,82.2,19-29
564,E.S.C.,South,2872.0,1809.0,43.0,79.8,19-29
565,W.S.C.,South,2755.0,2109.0,43.1,81.8,19-29
566,W.S.C.,South,2621.0,2467.0,43.3,84.1,19-29
567,W.S.C.,South,2658.0,2126.0,43.7,81.7,19-29
568,W.S.C.,South,2658.0,2126.0,43.7,81.7,19-29
569,E.S.C.,South,2675.0,2102.0,43.8,81.3,19-29
570,W.S.C.,South,2460.0,2540.0,43.9,84.5,19-29
571,W.S.C.,South,2407.0,2809.0,44.0,86.3,19-29
572,W.S.C.,South,2407.0,2809.0,44.0,86.3,19-29
573,W.S.C.,South,2407.0,2809.0,44.0,86.3,19-29
574,W.S.C.,South,2407.0,2809.0,44.0,86.3,19-29
575,W.S.C.,South,2407.0,2809.0,44.0,86.3,19-29
576,W.S.C.,South,2407.0,2809.0,44.0,86.3,19-29
577,W.S.C.,South,2542.0,2335.0,44.1,82.8,19-29
578,W.S.C.,South,2501.0,2314.0,44.1,82.9,19-29
579,W.S.C.,South,2664.0,2096.0,44.2,82.5,19-29
580,E.S.C.,South,2611.0,1921.0,44.6,79.6,19-29
581,S. Atl.,South,2629.0,2033.0,44.7,81.0,19-29
582,W.S.C.,South,2301.0,2846.0,45.0,86.3,19-29
583,W.S.C.,South,2301.0,2846.0,45.0,86.3,19-29
584,S. Atl.,South,2568.0,1935.0,45.0,80.6,19-29
585,S. Atl.,South,2561.0,1998.0,45.0,80.6,19-29
586,W.S.C.,South,2301.0,2846.0,45.0,86.3,19-29
587,W.S.C.,South,2301.0,2846.0,45.0,86.3,19-29
588,W.S.C.,South,2301.0,2846.0,45.0,86.3,19-29
589,W.S.C.,South,2301.0,2846.0,45.0,86.3,30-34
590,W.S.C.,South,2301.0,2846.0,45.0,86.3,30-34
591,W.S.C.,South,2301.0,2846.0,45.0,86.3,30-34
592,W.S.C.,South,2404.0,2340.0,45.3,82.4,30-34
593,W.S.C.,South,2313.0,2596.0,45.5,84.3,30-34
594,E.S.C.,South,2479.0,2158.0,45.5,81.3,30-34
595,S. Atl.,South,2469.0,1904.0,45.6,80.3,30-34
596,E.S.C.,South,2389.0,2290.0,45.7,81.9,30-34
597,W.S.C.,South,2326.0,2308.0,45.8,82.4,30-34
598,W.S.C.,South,2269.0,2444.0,46.0,82.9,30-34
599,W.S.C.,South,2269.0,2444.0,46.0,82.9,30-34
600,W.S.C.,South,2126.0,2891.0,46.2,85.9,30-34
601,E.S.C.,South,2356.0,2152.0,46.2,81.0,30-34
602,S. Atl.,South,2356.0,2152.0,46.2,81.0,30-34
603,S. Atl.,South,2279.0,2217.0,46.6,81.4,30-34
604,S. Atl.,South,2279.0,2217.0,46.6,81.4,30-34
605,W.S.C.,South,2125.0,2740.0,46.6,84.6,30-34
606,W.S.C.,South,2125.0,2740.0,46.6,84.6,30-34
607,E.S.C.,South,2277.0,2274.0,46.7,81.7,30-34
608,E.S.C.,South,2201.0,2306.0,46.7,81.7,30-34
609,E.S.C.,South,2040.0,2433.0,48.1,82.1,30-34
610,W.S.C.,South,1961.0,2521.0,48.4,82.5,30-34
611,E.S.C.,South,2027.0,2338.0,48.4,81.4,30-34
612,W.S.C.,South,1930.0,2651.0,48.6,83.3,30-34
613,W.S.C.,South,1930.0,2651.0,48.6,83.3,30-34
614,S. Atl.,South,2062.0,2396.0,48.7,81.4,30-34
615,W.S.C.,South,1760.0,2914.0,49.1,84.7,30-34
616,W.S.C.,South,1786.0,2806.0,49.2,84.2,30-34
617,S. Atl.,South,1868.0,2304.0,49.2,81.6,30-34
618,E.S.C.,South,1928.0,2293.0,49.2,80.4,30-34
619,S. Atl.,South,1921.0,2290.0,49.2,81.2,30-34
620,S. Atl.,South,1868.0,2304.0,49.2,81.6,30-34
621,W.S.C.,South,1786.0,2806.0,49.2,84.2,30-34
622,W.S.C.,South,1606.0,2983.0,50.4,84.6,30-34
623,E.S.C.,South,1695.0,2643.0,50.8,82.2,30-34
624,E.S.C.,South,1695.0,2643.0,50.8,82.2,30-34
625,W.S.C.,South,1510.0,3272.0,50.8,86.0,30-34
626,W.S.C.,South,1673.0,2605.0,50.8,82.1,30-34
627,S. Atl.,South,1672.0,2430.0,51.3,80.9,30-34
628,W.S.C.,South,1549.0,2761.0,51.4,83.1,30-34
629,W.S.C.,South,1549.0,2761.0,51.4,83.1,30-34
630,W.S.C.,South,1549.0,2761.0,51.4,83.1,30-34
631,W.S.C.,South,1579.0,2682.0,51.5,82.3,30-34
632,E.S.C.,South,1539.0,2631.0,51.6,82.2,30-34
633,S. Atl.,South,1652.0,2492.0,51.6,81.2,30-34
634,W.S.C.,South,1560.0,2675.0,51.7,82.1,30-34
635,S. Atl.,South,1571.0,2680.0,51.7,82.3,30-34
636,S. Atl.,South,1571.0,2680.0,51.7,82.3,30-34
637,W.S.C.,South,1555.0,2649.0,51.9,81.8,30-34
638,W.S.C.,South,1477.0,2861.0,51.9,83.1,30-34
639,W.S.C.,South,1477.0,2861.0,51.9,83.1,30-34
640,E.S.C.,South,1498.0,2652.0,52.0,82.3,30-34
641,E.S.C.,South,1498.0,2652.0,52.0,82.3,30-34
642,W.S.C.,South,1490.0,2686.0,52.4,82.1,30-34
643,W.S.C.,South,1490.0,2686.0,52.4,82.1,30-34
644,W.S.C.,South,1490.0,2686.0,52.4,82.1,30-34
645,S. Atl.,South,1402.0,2520.0,53.2,81.3,30-34
646,W.S.C.,South,1273.0,3184.0,53.4,84.5,30-34
647,W.S.C.,South,1253.0,2967.0,53.6,83.2,30-34
648,W.S.C.,South,1253.0,2967.0,53.6,83.2,30-34
649,W.S.C.,South,1315.0,2755.0,54.2,81.7,30-34
650,W.S.C.,South,926.0,4043.0,56.2,87.4,30-34
651,W.S.C.,South,970.0,3574.0,56.3,84.9,30-34
652,S. Atl.,South,1069.0,2856.0,56.4,81.4,30-34
653,W.S.C.,South,867.0,3608.0,57.5,84.8,30-34
654,S. Atl.,South,900.0,2878.0,57.9,81.1,30-34
655,S. Atl.,South,881.0,3134.0,58.3,81.8,30-34
656,W.S.C.,South,786.0,3770.0,58.7,84.2,30-34
657,W.S.C.,South,755.0,3833.0,58.8,84.4,35+
658,S. Atl.,South,739.0,3324.0,59.8,82.2,35+
659,S. Atl.,South,739.0,3324.0,59.8,82.2,35+
660,S. Atl.,South,739.0,3324.0,59.8,82.2,35+
661,S. Atl.,South,739.0,3324.0,59.8,82.2,35+
662,S. Atl.,South,712.0,3184.0,60.2,81.5,35+
663,W.S.C.,South,609.0,3772.0,60.3,84.1,35+
664,S. Atl.,South,656.0,3401.0,60.5,82.4,35+
665,S. Atl.,South,616.0,3162.0,60.9,81.2,35+
666,S. Atl.,South,616.0,3162.0,60.9,81.2,35+
667,S. Atl.,South,618.0,3461.0,61.0,82.4,35+
668,S. Atl.,South,607.0,3225.0,61.5,81.3,35+
669,S. Atl.,South,545.0,3686.0,61.9,83.1,35+
670,S. Atl.,South,545.0,3686.0,61.9,83.1,35+
671,S. Atl.,South,500.0,3352.0,62.7,81.0,35+
672,S. Atl.,South,441.0,3699.0,63.4,82.6,35+
673,S. Atl.,South,441.0,3699.0,63.4,82.6,35+
674,S. Atl.,South,262.0,3769.0,65.2,82.0,35+
675,S. Atl.,South,262.0,3769.0,65.2,82.0,35+
676,S. Atl.,South,284.0,3815.0,65.7,81.7,35+
677,S. Atl.,South,284.0,3815.0,65.7,81.7,35+
678,S. Atl.,South,284.0,3815.0,65.7,81.7,35+
679,S. Atl.,South,284.0,3815.0,65.7,81.7,35+
680,S. Atl.,South,254.0,3933.0,66.2,82.3,35+
681,S. Atl.,South,254.0,3933.0,66.2,82.3,35+
682,S. Atl.,South,254.0,3933.0,66.2,82.3,35+
683,S. Atl.,South,254.0,3933.0,66.2,82.3,35+
684,S. Atl.,South,254.0,3933.0,66.2,82.3,35+
685,S. Atl.,South,254.0,3933.0,66.2,82.3,35+
686,S. Atl.,South,254.0,3933.0,66.2,82.3,35+
687,S. Atl.,South,254.0,3933.0,66.2,82.3,35+
688,S. Atl.,South,243.0,3957.0,66.8,82.1,35+
689,S. Atl.,South,243.0,3957.0,66.8,82.1,35+
690,S. Atl.,South,243.0,3957.0,66.8,82.1,35+
691,S. Atl.,South,243.0,3957.0,66.8,82.1,35+
692,S. Atl.,South,243.0,3957.0,66.8,82.1,35+
693,S. Atl.,South,243.0,3957.0,66.8,82.1,35+
694,S. Atl.,South,243.0,3957.0,66.8,82.1,35+
695,S. Atl.,South,243.0,3957.0,66.8,82.1,35+
696,S. Atl.,South,199.0,4095.0,67.1,82.4,35+
697,S. Atl.,South,199.0,4095.0,67.1,82.4,35+
698,S. Atl.,South,133.0,4150.0,68.0,82.6,35+
699,S. Atl.,South,133.0,4150.0,68.0,82.6,35+
700,Pacific,West,10816.0,0.0,13.0,58.1,19-29
701,Mountain,West,9613.0,107.0,15.5,63.0,19-29
702,Mountain,West,7995.0,288.0,18.7,68.9,19-29
703,Mountain,West,7766.0,391.0,18.7,69.3,19-29
704,Mountain,West,7212.0,553.0,20.9,72.3,19-29
705,Mountain,West,7839.0,216.0,21.3,67.2,19-29
706,Mountain,West,7642.0,457.0,22.2,70.9,19-29
707,Mountain,West,7123.0,445.0,23.8,71.2,19-29
708,Mountain,West,6751.0,593.0,24.7,73.0,19-29
709,Mountain,West,6442.0,647.0,25.0,73.6,19-29
710,Mountain,West,5683.0,1205.0,25.5,78.9,19-29
711,Pacific,West,6882.0,411.0,25.7,69.7,19-29
712,Mountain,West,7310.0,309.0,26.1,68.9,19-29
713,Mountain,West,6432.0,555.0,26.5,72.2,19-29
714,Mountain,West,6483.0,471.0,26.9,71.4,19-29
715,Mountain,West,6483.0,471.0,26.9,71.4,19-29
716,Mountain,West,6234.0,658.0,27.6,73.6,19-29
717,Mountain,West,7254.0,127.0,28.2,66.1,19-29
718,Pacific,West,6031.0,484.0,28.2,70.4,19-29
719,Mountain,West,5732.0,738.0,28.5,74.7,19-29
720,Mountain,West,5802.0,981.0,28.6,77.5,19-29
721,Mountain,West,5802.0,981.0,28.6,77.5,19-29
722,Mountain,West,5802.0,981.0,28.6,77.5,19-29
723,Mountain,West,5866.0,955.0,28.6,77.0,19-29
724,Mountain,West,5802.0,981.0,28.6,77.5,19-29
725,Mountain,West,5802.0,981.0,28.6,77.5,19-29
726,Mountain,West,5802.0,981.0,28.6,77.5,19-29
727,Mountain,West,5802.0,981.0,28.6,77.5,19-29
728,Mountain,West,6346.0,501.0,28.8,71.2,19-29
729,Mountain,West,6387.0,297.0,29.2,68.3,19-29
730,Mountain,West,6014.0,680.0,29.5,73.3,19-29
731,Mountain,West,6014.0,680.0,29.5,73.3,19-29
732,Mountain,West,6014.0,680.0,29.5,73.3,19-29
733,Mountain,West,6014.0,680.0,29.5,73.3,19-29
734,Mountain,West,6014.0,680.0,29.5,73.3,19-29
735,Mountain,West,5465.0,1042.0,29.8,76.9,19-29
736,Mountain,West,5802.0,742.0,29.9,74.6,19-29
737,Mountain,West,5802.0,742.0,29.9,74.6,19-29
738,Mountain,West,5883.0,639.0,30.9,72.6,19-29
739,Mountain,West,5883.0,639.0,30.9,72.6,19-29
740,Mountain,West,5883.0,639.0,30.9,72.6,19-29
741,Mountain,West,5883.0,639.0,30.9,72.6,19-29
742,Mountain,West,5883.0,639.0,30.9,72.6,19-29
743,Mountain,West,5436.0,734.0,32.1,74.1,19-29
744,Mountain,West,6030.0,357.0,32.2,69.5,19-29
745,Mountain,West,6030.0,357.0,32.2,69.5,19-29
746,Mountain,West,5460.0,790.0,32.6,74.0,19-29
747,Pacific,West,4845.0,824.0,33.1,75.0,19-29
748,Pacific,West,5049.0,843.0,33.3,75.1,19-29
749,Mountain,West,5766.0,373.0,33.5,69.7,19-29
750,Pacific,West,4700.0,940.0,33.5,75.7,19-29
751,Mountain,West,4414.0,1254.0,34.8,78.8,19-29
752,Pacific,West,5724.0,62.0,36.6,62.1,19-29
753,Mountain,West,4076.0,1194.0,37.0,77.2,19-29
754,Pacific,West,5709.0,94.0,37.2,63.0,19-29
755,Pacific,West,4798.0,645.0,37.6,72.5,19-29
756,Pacific,West,5026.0,269.0,38.2,65.7,19-29
757,Pacific,West,5352.0,76.0,38.4,62.9,19-29
758,Pacific,West,5193.0,133.0,38.4,64.1,19-29
759,Pacific,West,5059.0,139.0,38.8,64.1,19-29
760,Pacific,West,4691.0,332.0,38.9,67.7,19-29
761,Pacific,West,4691.0,332.0,38.9,67.7,19-29
762,Pacific,West,4691.0,332.0,38.9,67.7,19-29
763,Pacific,West,4691.0,332.0,38.9,67.7,19-29
764,Pacific,West,5073.0,146.0,38.9,65.0,19-29
765,Pacific,West,4987.0,202.0,39.0,65.6,19-29
766,Pacific,West,4987.0,202.0,39.0,65.6,19-29
767,Pacific,West,5121.0,184.0,39.1,64.8,19-29
768,Pacific,West,4974.0,238.0,39.3,66.3,19-29
769,Pacific,West,4799.0,261.0,40.1,66.8,19-29
770,Pacific,West,4799.0,261.0,40.1,66.8,19-29
771,Pacific,West,4796.0,158.0,40.3,65.0,19-29
772,Pacific,West,4681.0,200.0,40.6,65.3,19-29
773,Pacific,West,4681.0,200.0,40.6,65.3,19-29
774,Pacific,West,4681.0,200.0,40.6,65.3,19-29
775,Mountain,West,3126.0,1863.0,41.4,81.4,19-29
776,Mountain,West,3059.0,1756.0,42.5,80.3,19-29
777,Mountain,West,2881.0,1838.0,42.9,80.1,19-29
778,Mountain,West,2833.0,2155.0,43.2,82.5,19-29
779,Mountain,West,2532.0,3029.0,44.6,90.3,19-29
780,Mountain,West,2532.0,3029.0,44.6,90.3,19-29
781,Pacific,West,2878.0,1414.0,44.8,78.1,19-29
782,Pacific,West,2709.0,1321.0,45.1,76.6,19-29
783,Pacific,West,2843.0,1059.0,45.1,74.3,19-29
784,Pacific,West,2674.0,1448.0,45.2,78.0,19-29
785,Pacific,West,2788.0,1174.0,45.2,75.6,19-29
786,Pacific,West,2674.0,1448.0,45.2,78.0,19-29
787,Pacific,West,2674.0,1448.0,45.2,78.0,19-29
788,Pacific,West,2861.0,1001.0,45.4,73.9,19-29
789,Pacific,West,2908.0,1760.0,45.4,81.4,19-29
790,Pacific,West,2647.0,1769.0,45.5,81.0,19-29
791,Pacific,West,2647.0,1769.0,45.5,81.0,19-29
792,Pacific,West,2653.0,1465.0,45.6,78.7,19-29
793,Pacific,West,2671.0,1287.0,45.7,76.8,19-29
794,Pacific,West,2671.0,1287.0,45.7,76.8,19-29
795,Pacific,West,3011.0,734.0,45.9,71.3,19-29
796,Pacific,West,3011.0,734.0,45.9,71.3,19-29
797,Pacific,West,3011.0,734.0,45.9,71.3,19-29
798,Pacific,West,3011.0,734.0,45.9,71.3,19-29
799,Pacific,West,2460.0,1804.0,46.0,80.9,19-29
800,Pacific,West,2686.0,821.0,46.3,71.7,19-29
801,Pacific,West,2544.0,2139.0,46.5,83.5,19-29
802,Pacific,West,2980.0,382.0,46.7,67.4,19-29
803,Pacific,West,2960.0,316.0,47.1,67.0,19-29
804,Pacific,West,2960.0,316.0,47.1,67.0,19-29
805,Pacific,West,2398.0,1379.0,47.1,76.6,19-29
806,Pacific,West,2960.0,316.0,47.1,67.0,19-29
807,Pacific,West,2749.0,416.0,47.6,67.7,19-29
808,Pacific,West,2891.0,275.0,47.8,66.3,19-29
809,Pacific,West,2891.0,275.0,47.8,66.3,19-29
810,Pacific,West,2891.0,275.0,47.8,66.3,19-29
811,Pacific,West,2891.0,275.0,47.8,66.3,19-29
812,Pacific,West,2740.0,591.0,48.1,69.8,19-29
813,Pacific,West,2128.0,2347.0,48.2,84.5,19-29
814,Pacific,West,3161.0,115.0,48.5,62.2,19-29
815,Pacific,West,3161.0,115.0,48.5,62.2,19-29
816,Pacific,West,3161.0,115.0,48.5,62.2,19-29
817,Pacific,West,3161.0,115.0,48.5,62.2,19-29
818,Pacific,West,3161.0,115.0,48.5,62.2,19-29
819,Pacific,West,3161.0,115.0,48.5,62.2,19-29
820,Pacific,West,2600.0,432.0,48.7,68.4,19-29
821,Pacific,West,2600.0,432.0,48.7,68.4,19-29
822,Pacific,West,2600.0,432.0,48.7,68.4,19-29
823,Pacific,West,2600.0,432.0,48.7,68.4,19-29
824,Pacific,West,2600.0,432.0,48.7,68.4,19-29
825,Pacific,West,2877.0,174.0,49.0,63.7,19-29
826,Pacific,West,2877.0,174.0,49.0,63.7,19-29
827,Pacific,West,2877.0,174.0,49.0,63.7,19-29
828,Pacific,West,3136.0,95.0,49.0,62.8,19-29
829,Pacific,West,2439.0,498.0,49.5,68.8,19-29
830,Pacific,West,2439.0,498.0,49.5,68.8,19-29
831,Pacific,West,2439.0,483.0,49.5,67.8,19-29
832,Pacific,West,2439.0,498.0,49.5,68.8,19-29
833,Pacific,West,2439.0,498.0,49.5,68.8,19-29
834,Pacific,West,2439.0,498.0,49.5,68.8,19-29
835,Pacific,West,2439.0,498.0,49.5,68.8,19-29
836,Pacific,West,2951.0,91.0,49.7,61.7,19-29
837,Pacific,West,2687.0,162.0,49.7,62.4,19-29
838,Pacific,West,2951.0,91.0,49.7,61.7,19-29
839,Pacific,West,2951.0,91.0,49.7,61.7,19-29
840,Pacific,West,2951.0,91.0,49.7,61.7,19-29
841,Pacific,West,3054.0,76.0,50.8,62.3,19-29
842,Mountain,West,1654.0,3160.0,50.9,89.7,19-29
843,Mountain,West,1598.0,3296.0,51.1,90.0,19-29
844,Mountain,West,1598.0,3296.0,51.1,90.0,19-29
845,Mountain,West,1734.0,2840.0,51.1,86.2,19-29
846,Mountain,West,1598.0,3296.0,51.1,90.0,19-29
847,Pacific,West,3170.0,48.0,51.4,59.5,19-29
848,Pacific,West,3170.0,48.0,51.4,59.5,19-29
849,Pacific,West,3170.0,48.0,51.4,59.5,19-29
850,Pacific,West,2890.0,87.0,51.9,61.5,19-29
851,Pacific,West,1992.0,1571.0,51.9,78.2,19-29
852,Pacific,West,2175.0,1223.0,52.0,75.0,19-29
853,Pacific,West,2175.0,1223.0,52.0,75.0,19-29
854,Pacific,West,2498.0,285.0,52.1,64.8,19-29
855,Pacific,West,2048.0,1134.0,52.2,74.4,19-29
856,Pacific,West,2048.0,1134.0,52.2,74.4,19-29
857,Pacific,West,2048.0,1134.0,52.2,74.4,19-29
858,Pacific,West,2048.0,1134.0,52.2,74.4,19-29
859,Pacific,West,2006.0,980.0,52.2,73.3,19-29
860,Pacific,West,2006.0,980.0,52.2,73.3,30-34
861,Pacific,West,2048.0,1134.0,52.2,74.4,30-34
862,Pacific,West,2006.0,980.0,52.2,73.3,30-34
863,Pacific,West,2006.0,980.0,52.2,73.3,30-34
864,Mountain,West,1442.0,3746.0,52.3,92.3,30-34
865,Mountain,West,1442.0,3746.0,52.3,92.3,30-34
866,Pacific,West,1972.0,1191.0,52.4,74.6,30-34
867,Pacific,West,1972.0,1191.0,52.4,74.6,30-34
868,Pacific,West,1972.0,1191.0,52.4,74.6,30-34
869,Pacific,West,1818.0,1471.0,52.8,77.2,30-34
870,Pacific,West,1777.0,1718.0,52.9,79.3,30-34
871,Pacific,West,1795.0,1225.0,53.2,75.2,30-34
872,Pacific,West,2221.0,375.0,53.2,66.7,30-34
873,Pacific,West,2074.0,385.0,53.4,66.9,30-34
874,Pacific,West,1854.0,813.0,53.6,70.9,30-34
875,Pacific,West,1679.0,1292.0,53.8,75.1,30-34
876,Pacific,West,1993.0,393.0,54.0,66.6,30-34
877,Pacific,West,1954.0,371.0,54.2,66.7,30-34
878,Pacific,West,1954.0,371.0,54.2,66.7,30-34
879,Pacific,West,1954.0,371.0,54.2,66.7,30-34
880,Pacific,West,2068.0,357.0,54.6,65.7,30-34
881,Pacific,West,2068.0,357.0,54.6,65.7,30-34
882,Pacific,West,2068.0,357.0,54.6,65.7,30-34
883,Pacific,West,2068.0,357.0,54.6,65.7,30-34
884,Pacific,West,2068.0,357.0,54.6,65.7,30-34
885,Pacific,West,1532.0,1281.0,54.8,74.8,30-34
886,Pacific,West,1532.0,1281.0,54.8,74.8,30-34
887,Pacific,West,1532.0,1281.0,54.8,74.8,30-34
888,Pacific,West,1532.0,1281.0,54.8,74.8,30-34
889,Pacific,West,1532.0,1281.0,54.8,74.8,30-34
890,Pacific,West,1532.0,1281.0,54.8,74.8,30-34
891,Pacific,West,1532.0,1281.0,54.8,74.8,30-34
892,Pacific,West,1532.0,1281.0,54.8,74.8,30-34
893,Pacific,West,1532.0,1281.0,54.8,74.8,30-34
894,Pacific,West,1532.0,1281.0,54.8,74.8,30-34
895,Pacific,West,1644.0,1118.0,54.9,73.5,30-34
896,Pacific,West,1644.0,1118.0,54.9,73.5,30-34
897,Pacific,West,1644.0,1118.0,54.9,73.5,30-34
898,Pacific,West,1644.0,1118.0,54.9,73.5,30-34
899,Pacific,West,1644.0,1118.0,54.9,73.5,30-34
900,Pacific,West,1644.0,1118.0,54.9,73.5,30-34
901,Pacific,West,1644.0,1118.0,54.9,73.5,30-34
902,Pacific,West,1644.0,1118.0,54.9,73.5,30-34
903,Pacific,West,1550.0,1299.0,55.0,74.7,30-34
904,Pacific,West,1550.0,1299.0,55.0,74.7,30-34
905,Pacific,West,1550.0,1299.0,55.0,74.7,30-34
906,Pacific,West,1719.0,677.0,55.1,69.1,30-34
907,Pacific,West,1719.0,677.0,55.1,69.1,30-34
908,Pacific,West,1109.0,3820.0,55.1,91.7,30-34
909,Pacific,West,1719.0,677.0,55.1,69.1,30-34
910,Pacific,West,1719.0,677.0,55.1,69.1,30-34
911,Pacific,West,1719.0,677.0,55.1,69.1,30-34
912,Pacific,West,1719.0,677.0,55.1,69.1,30-34
913,Pacific,West,1719.0,677.0,55.1,69.1,30-34
914,Pacific,West,1719.0,677.0,55.1,69.1,30-34
915,Pacific,West,1719.0,677.0,55.1,69.1,30-34
916,Pacific,West,1485.0,1091.0,55.2,72.8,30-34
917,Pacific,West,1485.0,1091.0,55.2,72.8,30-34
918,Pacific,West,1485.0,1091.0,55.2,72.8,30-34
919,Pacific,West,1485.0,1091.0,55.2,72.8,30-34
920,Pacific,West,1485.0,1091.0,55.2,72.8,30-34
921,Pacific,West,1529.0,1893.0,55.3,78.7,30-34
922,Pacific,West,1529.0,1893.0,55.3,78.7,30-34
923,Pacific,West,1567.0,986.0,55.4,71.8,30-34
924,Pacific,West,1567.0,986.0,55.4,71.8,30-34
925,Pacific,West,1430.0,1089.0,55.9,72.2,30-34
926,Pacific,West,1430.0,1089.0,55.9,72.2,30-34
927,Pacific,West,1430.0,1089.0,55.9,72.2,30-34
928,Pacific,West,1430.0,1089.0,55.9,72.2,30-34
929,Mountain,West,983.0,4244.0,55.9,93.6,30-34
930,Pacific,West,1430.0,1089.0,55.9,72.2,30-34
931,Pacific,West,1430.0,1089.0,55.9,72.2,30-34
932,Pacific,West,1595.0,728.0,56.0,69.0,30-34
933,Pacific,West,1595.0,728.0,56.0,69.0,35+
934,Pacific,West,1873.0,438.0,56.4,65.8,35+
935,Pacific,West,1517.0,770.0,56.5,69.2,35+
936,Pacific,West,1517.0,770.0,56.5,69.2,35+
937,Pacific,West,1517.0,770.0,56.5,69.2,35+
938,Pacific,West,1284.0,842.0,56.8,70.3,35+
939,Pacific,West,1284.0,842.0,56.8,70.3,35+
940,Pacific,West,1204.0,1339.0,57.2,74.1,35+
941,Pacific,West,1204.0,1339.0,57.2,74.1,35+
942,Pacific,West,1204.0,1339.0,57.2,74.1,35+
943,Pacific,West,1204.0,1339.0,57.2,74.1,35+
944,Pacific,West,1204.0,1339.0,57.2,74.1,35+
945,Pacific,West,1204.0,1339.0,57.2,74.1,35+
946,Pacific,West,1204.0,1339.0,57.2,74.1,35+
947,Pacific,West,1204.0,1339.0,57.2,74.1,35+
948,Pacific,West,1509.0,796.0,57.5,68.7,35+
949,Pacific,West,0.0,3329.0,71.1,76.6,35+
950,Pacific,West,0.0,3329.0,71.1,76.6,35+
951,Pacific,West,0.0,3134.0,71.4,75.4,35+
952,Pacific,West,0.0,4389.0,72.6,80.1,35+
953,Pacific,West,0.0,4389.0,72.6,80.1,35+
954,Pacific,West,0.0,4389.0,72.6,80.1,35+
955,Pacific,West,0.0,4389.0,72.6,80.1,35+
